<?xml version="1.0" encoding="UTF-8"?>
<room>
  <game-table name="最初のテーブル" width="20" height="20" gridSize="50" imageIdentifier="323a8a1586d7baba3c0627727a3fdcb0e9b7f359dda499e9948cc00b82107aaa" backgroundImageIdentifier="imageIdentifier" backgroundFilterType="" selected="false" gridType="0" gridColor="#000000e6"></game-table>
  <character location.name="graveyard" location.x="250" location.y="450" posZ="0" rotate="0" roll="0">
    <data name="character">
      <data name="image">
        <data type="image" name="imageIdentifier">testCharacter_1_image</data>
      </data>
      <data name="common">
        <data name="name">モンスターA</data>
        <data name="size">1</data>
      </data>
      <data name="detail">
        <data name="リソース">
          <data type="numberResource" currentValue="200" name="HP">200</data>
          <data type="numberResource" currentValue="100" name="MP">100</data>
        </data>
        <data name="情報">
          <data type="note" name="説明">ここに説明を書く
あいうえお</data>
          <data type="note" name="メモ">任意の文字列
１
２
３
４
５</data>
        </data>
        <data name="能力">
          <data name="器用度">24</data>
          <data name="敏捷度">24</data>
          <data name="筋力">24</data>
          <data name="生命力">24</data>
          <data name="知力">24</data>
          <data name="精神力">24</data>
        </data>
        <data name="戦闘特技">
          <data name="Lv1">全力攻撃</data>
          <data name="Lv3">武器習熟/ソード</data>
          <data name="Lv5">武器習熟/ソードⅡ</data>
          <data name="Lv7">頑強</data>
          <data name="Lv9">薙ぎ払い</data>
          <data name="自動">治癒適正</data>
        </data>
      </data>
    </data>
    <chat-palette dicebot="">チャットパレット入力例：
2d6+1 ダイスロール
１ｄ２０＋{敏捷}＋｛格闘｝　{name}の格闘！
//敏捷=10+{敏捷A}
//敏捷A=10
//格闘＝１</chat-palette>
  </character>
  <character location.name="graveyard" location.x="400" location.y="400" posZ="0" rotate="0" roll="0">
    <data name="character">
      <data name="image">
        <data type="image" name="imageIdentifier">testCharacter_1_image</data>
      </data>
      <data name="common">
        <data name="name">モンスターB</data>
        <data name="size">1</data>
      </data>
      <data name="detail">
        <data name="リソース">
          <data type="numberResource" currentValue="200" name="HP">200</data>
          <data type="numberResource" currentValue="100" name="MP">100</data>
        </data>
        <data name="情報">
          <data type="note" name="説明">ここに説明を書く
あいうえお</data>
          <data type="note" name="メモ">任意の文字列
１
２
３
４
５</data>
        </data>
        <data name="能力">
          <data name="器用度">24</data>
          <data name="敏捷度">24</data>
          <data name="筋力">24</data>
          <data name="生命力">24</data>
          <data name="知力">24</data>
          <data name="精神力">24</data>
        </data>
        <data name="戦闘特技">
          <data name="Lv1">全力攻撃</data>
          <data name="Lv3">武器習熟/ソード</data>
          <data name="Lv5">武器習熟/ソードⅡ</data>
          <data name="Lv7">頑強</data>
          <data name="Lv9">薙ぎ払い</data>
          <data name="自動">治癒適正</data>
        </data>
      </data>
    </data>
    <chat-palette dicebot="">チャットパレット入力例：
2d6+1 ダイスロール
１ｄ２０＋{敏捷}＋｛格闘｝　{name}の格闘！
//敏捷=10+{敏捷A}
//敏捷A=10
//格闘＝１</chat-palette>
  </character>
  <character location.name="graveyard" location.x="200" location.y="75" posZ="0" rotate="0" roll="0">
    <data name="character">
      <data name="image">
        <data type="image" name="imageIdentifier">testCharacter_3_image</data>
      </data>
      <data name="common">
        <data name="name">モンスターC</data>
        <data name="size">3</data>
      </data>
      <data name="detail">
        <data name="リソース">
          <data type="numberResource" currentValue="200" name="HP">200</data>
          <data type="numberResource" currentValue="100" name="MP">100</data>
        </data>
        <data name="情報">
          <data type="note" name="説明">ここに説明を書く
あいうえお</data>
          <data type="note" name="メモ">任意の文字列
１
２
３
４
５</data>
        </data>
        <data name="能力">
          <data name="器用度">24</data>
          <data name="敏捷度">24</data>
          <data name="筋力">24</data>
          <data name="生命力">24</data>
          <data name="知力">24</data>
          <data name="精神力">24</data>
        </data>
        <data name="戦闘特技">
          <data name="Lv1">全力攻撃</data>
          <data name="Lv3">武器習熟/ソード</data>
          <data name="Lv5">武器習熟/ソードⅡ</data>
          <data name="Lv7">頑強</data>
          <data name="Lv9">薙ぎ払い</data>
          <data name="自動">治癒適正</data>
        </data>
      </data>
    </data>
    <chat-palette dicebot="">チャットパレット入力例：
2d6+1 ダイスロール
１ｄ２０＋{敏捷}＋｛格闘｝　{name}の格闘！
//敏捷=10+{敏捷A}
//敏捷A=10
//格闘＝１</chat-palette>
  </character>
  <character location.name="graveyard" location.x="300" location.y="550" posZ="0" rotate="0" roll="0">
    <data name="character">
      <data name="image">
        <data type="image" name="imageIdentifier">testCharacter_4_image</data>
      </data>
      <data name="common">
        <data name="name">キャラクターA</data>
        <data name="size">1</data>
      </data>
      <data name="detail">
        <data name="リソース">
          <data type="numberResource" currentValue="200" name="HP">200</data>
          <data type="numberResource" currentValue="100" name="MP">100</data>
        </data>
        <data name="情報">
          <data type="note" name="説明">ここに説明を書く
あいうえお</data>
          <data type="note" name="メモ">任意の文字列
１
２
３
４
５</data>
        </data>
        <data name="能力">
          <data name="器用度">24</data>
          <data name="敏捷度">24</data>
          <data name="筋力">24</data>
          <data name="生命力">24</data>
          <data name="知力">24</data>
          <data name="精神力">24</data>
        </data>
        <data name="戦闘特技">
          <data name="Lv1">全力攻撃</data>
          <data name="Lv3">武器習熟/ソード</data>
          <data name="Lv5">武器習熟/ソードⅡ</data>
          <data name="Lv7">頑強</data>
          <data name="Lv9">薙ぎ払い</data>
          <data name="自動">治癒適正</data>
        </data>
      </data>
    </data>
    <chat-palette dicebot="">チャットパレット入力例：
2d6+1 ダイスロール
１ｄ２０＋{敏捷}＋｛格闘｝　{name}の格闘！
//敏捷=10+{敏捷A}
//敏捷A=10
//格闘＝１</chat-palette>
  </character>
  <character location.name="graveyard" location.x="600" location.y="600" posZ="0" rotate="0" roll="0">
    <data name="character">
      <data name="image">
        <data type="image" name="imageIdentifier">testCharacter_5_image</data>
      </data>
      <data name="common">
        <data name="name">キャラクターB</data>
        <data name="size">1</data>
      </data>
      <data name="detail">
        <data name="リソース">
          <data type="numberResource" currentValue="200" name="HP">200</data>
          <data type="numberResource" currentValue="100" name="MP">100</data>
        </data>
        <data name="情報">
          <data type="note" name="説明">ここに説明を書く
あいうえお</data>
          <data type="note" name="メモ">任意の文字列
１
２
３
４
５</data>
        </data>
        <data name="能力">
          <data name="器用度">24</data>
          <data name="敏捷度">24</data>
          <data name="筋力">24</data>
          <data name="生命力">24</data>
          <data name="知力">24</data>
          <data name="精神力">24</data>
        </data>
        <data name="戦闘特技">
          <data name="Lv1">全力攻撃</data>
          <data name="Lv3">武器習熟/ソード</data>
          <data name="Lv5">武器習熟/ソードⅡ</data>
          <data name="Lv7">頑強</data>
          <data name="Lv9">薙ぎ払い</data>
          <data name="自動">治癒適正</data>
        </data>
      </data>
    </data>
    <chat-palette dicebot="">チャットパレット入力例：
2d6+1 ダイスロール
１ｄ２０＋{敏捷}＋｛格闘｝　{name}の格闘！
//敏捷=10+{敏捷A}
//敏捷A=10
//格闘＝１</chat-palette>
  </character>
  <character location.name="graveyard" location.x="250" location.y="650" posZ="0" rotate="0" roll="0">
    <data name="character">
      <data name="image">
        <data type="image" name="imageIdentifier">testCharacter_6_image</data>
      </data>
      <data name="common">
        <data name="name">キャラクターC</data>
        <data name="size">1</data>
      </data>
      <data name="detail">
        <data name="リソース">
          <data type="numberResource" currentValue="200" name="HP">200</data>
          <data type="numberResource" currentValue="100" name="MP">100</data>
        </data>
        <data name="情報">
          <data type="note" name="説明">ここに説明を書く
あいうえお</data>
          <data type="note" name="メモ">任意の文字列
１
２
３
４
５</data>
        </data>
        <data name="能力">
          <data name="器用度">24</data>
          <data name="敏捷度">24</data>
          <data name="筋力">24</data>
          <data name="生命力">24</data>
          <data name="知力">24</data>
          <data name="精神力">24</data>
        </data>
        <data name="戦闘特技">
          <data name="Lv1">全力攻撃</data>
          <data name="Lv3">武器習熟/ソード</data>
          <data name="Lv5">武器習熟/ソードⅡ</data>
          <data name="Lv7">頑強</data>
          <data name="Lv9">薙ぎ払い</data>
          <data name="自動">治癒適正</data>
        </data>
      </data>
    </data>
    <chat-palette dicebot="">チャットパレット入力例：
2d6+1 ダイスロール
１ｄ２０＋{敏捷}＋｛格闘｝　{name}の格闘！
//敏捷=10+{敏捷A}
//敏捷A=10
//格闘＝１</chat-palette>
  </character>
  <card location.name="table" location.x="125" location.y="625" posZ="0" state="1" rotate="45" owner="" zindex="85">
    <data name="card">
      <data name="image">
        <data type="image" name="imageIdentifier"></data>
        <data type="image" name="front">74e50014edf8d0e2e70c5f0897fa06684f8c594cc95cef0d00211ba35485ecb6</data>
        <data type="image" name="back">7aea101802f27ea8200b8b83939010a08413ab1876a2b27b656c8aec558b3120</data>
      </data>
      <data name="common">
        <data name="name">カード</data>
        <data name="size">2</data>
      </data>
      <data name="detail"></data>
    </data>
  </card>
  <card location.name="table" location.x="225" location.y="700" posZ="0" state="1" rotate="45" owner="" zindex="86">
    <data name="card">
      <data name="image">
        <data type="image" name="imageIdentifier"></data>
        <data type="image" name="front">b071a215afcb70ca969d5cb13bf14fe5088fdab9d7aab3d7d32b12aa5d994373</data>
        <data type="image" name="back">7aea101802f27ea8200b8b83939010a08413ab1876a2b27b656c8aec558b3120</data>
      </data>
      <data name="common">
        <data name="name">カード</data>
        <data name="size">2</data>
      </data>
      <data name="detail"></data>
    </data>
  </card>
  <card location.name="table" location.x="300" location.y="800" posZ="0" state="1" rotate="45" owner="" zindex="87">
    <data name="card">
      <data name="image">
        <data type="image" name="imageIdentifier"></data>
        <data type="image" name="front">e5b2050c5a565d32813ebdc273b5779f8cb359230e35ad589147f8d15ca42e37</data>
        <data type="image" name="back">7aea101802f27ea8200b8b83939010a08413ab1876a2b27b656c8aec558b3120</data>
      </data>
      <data name="common">
        <data name="name">カード</data>
        <data name="size">2</data>
      </data>
      <data name="detail"></data>
    </data>
  </card>
  <card location.name="table" location.x="600" location.y="800" posZ="0" state="1" rotate="-30" owner="" zindex="92">
    <data name="card">
      <data name="image">
        <data type="image" name="imageIdentifier"></data>
        <data type="image" name="front">48d406f86c1e6bf6eb6c4b2229bab0ce752591437e2180084fdbfd251e5af690</data>
        <data type="image" name="back">b72e81659b088c0b58c48337ff06cf3384ed3275cf600d8916e14c64878cb3c5</data>
      </data>
      <data name="common">
        <data name="name">カード</data>
        <data name="size">2</data>
      </data>
      <data name="detail"></data>
    </data>
  </card>
  <card location.name="table" location.x="700" location.y="725" posZ="0" state="1" rotate="-45" owner="" zindex="91">
    <data name="card">
      <data name="image">
        <data type="image" name="imageIdentifier"></data>
        <data type="image" name="front">5657931df809a7f20b02bda223bec7fa606eb0daf68c0bdfb2a1280107009b0d</data>
        <data type="image" name="back">b72e81659b088c0b58c48337ff06cf3384ed3275cf600d8916e14c64878cb3c5</data>
      </data>
      <data name="common">
        <data name="name">カード</data>
        <data name="size">2</data>
      </data>
      <data name="detail"></data>
    </data>
  </card>
  <card location.name="table" location.x="800" location.y="650" posZ="0" state="1" rotate="-60" owner="" zindex="93">
    <data name="card">
      <data name="image">
        <data type="image" name="imageIdentifier"></data>
        <data type="image" name="front">4487eccae37af7f0d89b05fb530b578670d5ac1775b328e42c96381d868ac985</data>
        <data type="image" name="back">b72e81659b088c0b58c48337ff06cf3384ed3275cf600d8916e14c64878cb3c5</data>
      </data>
      <data name="common">
        <data name="name">カード</data>
        <data name="size">2</data>
      </data>
      <data name="detail"></data>
    </data>
  </card>
  <card location.name="table" location.x="775" location.y="325" posZ="0" state="1" rotate="210" owner="" zindex="98">
    <data name="card">
      <data name="image">
        <data type="image" name="imageIdentifier"></data>
        <data type="image" name="front">f65dffa5c78a66123aca1c06db4348c665814ec5058be39cd9be0351804798f3</data>
        <data type="image" name="back">3f642fc04dc19f71d7b23daaace5c6e7823d23cc2561589623dcba90c76b4f14</data>
      </data>
      <data name="common">
        <data name="name">カード</data>
        <data name="size">2</data>
      </data>
      <data name="detail"></data>
    </data>
  </card>
  <card location.name="table" location.x="675" location.y="225" posZ="0" state="1" rotate="225" owner="" zindex="97">
    <data name="card">
      <data name="image">
        <data type="image" name="imageIdentifier"></data>
        <data type="image" name="front">710147fa06cb9daff359a167bac828929113398357e864776732549a085614b5</data>
        <data type="image" name="back">3f642fc04dc19f71d7b23daaace5c6e7823d23cc2561589623dcba90c76b4f14</data>
      </data>
      <data name="common">
        <data name="name">カード</data>
        <data name="size">2</data>
      </data>
      <data name="detail"></data>
    </data>
  </card>
  <card location.name="table" location.x="600" location.y="125" posZ="0" state="1" rotate="225" owner="" zindex="96">
    <data name="card">
      <data name="image">
        <data type="image" name="imageIdentifier"></data>
        <data type="image" name="front">a020a9f7f003887514f7e9969facfffe77285c8877fc2ed669a7e7a103a71fdc</data>
        <data type="image" name="back">3f642fc04dc19f71d7b23daaace5c6e7823d23cc2561589623dcba90c76b4f14</data>
      </data>
      <data name="common">
        <data name="name">カード</data>
        <data name="size">2</data>
      </data>
      <data name="detail"></data>
    </data>
  </card>
  <card location.name="table" location.x="225" location.y="200" posZ="0" state="1" rotate="-210" owner="" zindex="102">
    <data name="card">
      <data name="image">
        <data type="image" name="imageIdentifier"></data>
        <data type="image" name="front">31c761212dd065ce1eebddb5a1ccd34776a0260d92eab9e8eecaed66a49c6b2f</data>
        <data type="image" name="back">1d56746142da555f8bfd0baa34b38cfa62cee9c65ee7c79c4cff72efc30fa6e0</data>
      </data>
      <data name="common">
        <data name="name">カード</data>
        <data name="size">2</data>
      </data>
      <data name="detail"></data>
    </data>
  </card>
  <card location.name="table" location.x="125" location.y="275" posZ="0" state="1" rotate="135" owner="" zindex="101">
    <data name="card">
      <data name="image">
        <data type="image" name="imageIdentifier"></data>
        <data type="image" name="front">add49eb1a9da5a43382abe64fcf71e86c5d7f5d7b8ad6b014544a394bd64e2cf</data>
        <data type="image" name="back">1d56746142da555f8bfd0baa34b38cfa62cee9c65ee7c79c4cff72efc30fa6e0</data>
      </data>
      <data name="common">
        <data name="name">カード</data>
        <data name="size">2</data>
      </data>
      <data name="detail"></data>
    </data>
  </card>
  <card location.name="table" location.x="325" location.y="125" posZ="0" state="1" rotate="-225" owner="" zindex="103">
    <data name="card">
      <data name="image">
        <data type="image" name="imageIdentifier"></data>
        <data type="image" name="front">8e67964ac2cd1a269afb6453eaf9277b643261cd88c7f55e0f9a3c8e993a59d2</data>
        <data type="image" name="back">1d56746142da555f8bfd0baa34b38cfa62cee9c65ee7c79c4cff72efc30fa6e0</data>
      </data>
      <data name="common">
        <data name="name">カード</data>
        <data name="size">2</data>
      </data>
      <data name="detail"></data>
    </data>
  </card>
  <card location.name="table" location.x="300" location.y="300" posZ="0" state="1" rotate="0" owner="" zindex="108">
    <data name="card">
      <data name="image">
        <data type="image" name="imageIdentifier"></data>
        <data type="image" name="front">188df07a94bfe6d6293482f1f34d23addac23f5aea082a2d876552f2f99cf745</data>
        <data type="image" name="back">79f27adbc2c0ada22735d18a450c0f5515aeaa2b1e1032ba1c9e97badd44cd88</data>
      </data>
      <data name="common">
        <data name="name">カード</data>
        <data name="size">2</data>
      </data>
      <data name="detail"></data>
    </data>
  </card>
  <card location.name="table" location.x="425" location.y="300" posZ="0" state="1" rotate="0" owner="" zindex="107">
    <data name="card">
      <data name="image">
        <data type="image" name="imageIdentifier"></data>
        <data type="image" name="front">fdd61f99da1924c3c22294b94c7985364763ca383aa09a375b1223358251090f</data>
        <data type="image" name="back">79f27adbc2c0ada22735d18a450c0f5515aeaa2b1e1032ba1c9e97badd44cd88</data>
      </data>
      <data name="common">
        <data name="name">カード</data>
        <data name="size">2</data>
      </data>
      <data name="detail"></data>
    </data>
  </card>
  <card location.name="table" location.x="550" location.y="300" posZ="0" state="1" rotate="0" owner="" zindex="109">
    <data name="card">
      <data name="image">
        <data type="image" name="imageIdentifier"></data>
        <data type="image" name="front">12bf99286ecd4590151aff50f55cee8c0ff427f2c4bc9f7ce76d0e63f8e3b30c</data>
        <data type="image" name="back">79f27adbc2c0ada22735d18a450c0f5515aeaa2b1e1032ba1c9e97badd44cd88</data>
      </data>
      <data name="common">
        <data name="name">カード</data>
        <data name="size">2</data>
      </data>
      <data name="detail"></data>
    </data>
  </card>
  <card location.name="table" location.x="425" location.y="400" posZ="0" state="1" rotate="0" owner="" zindex="110">
    <data name="card">
      <data name="image">
        <data type="image" name="imageIdentifier"></data>
        <data type="image" name="front">5e7290952c8e8af2e2d63dbb03b94fd2f3c16d1db79eb0e9fe60b5d0215d6939</data>
        <data type="image" name="back">5be4219ef651381734e656e84f66698e9400244105a17e2e41a45e0fd34f2772</data>
      </data>
      <data name="common">
        <data name="name">カード</data>
        <data name="size">2</data>
      </data>
      <data name="detail"></data>
    </data>
  </card>
  <card location.name="table" location.x="375" location.y="500" posZ="0" state="1" rotate="0" owner="" zindex="131">
    <data name="card">
      <data name="image">
        <data type="image" name="imageIdentifier"></data>
        <data type="image" name="front">d9db364c80adcaff19c71e922438494839befcdb56e38504a30cfc5eebf4c369</data>
        <data type="image" name="back">d05771f07ea0cb4a7019db3b20f30f1f92f1c25e0878ed42fb2af6416e717d54</data>
      </data>
      <data name="common">
        <data name="name">カード</data>
        <data name="size">2</data>
      </data>
      <data name="detail"></data>
    </data>
  </card>
  <card location.name="table" location.x="475" location.y="500" posZ="0" state="1" rotate="0" owner="" zindex="130">
    <data name="card">
      <data name="image">
        <data type="image" name="imageIdentifier"></data>
        <data type="image" name="front">42496dffeaf70f198453679df79d00de38c204978e170b7b2c21dc8cba9382b1</data>
        <data type="image" name="back">5e0115a975ea71b3206acced160f55b51c829138430b58207b82f17104eb0aac</data>
      </data>
      <data name="common">
        <data name="name">カード</data>
        <data name="size">2</data>
      </data>
      <data name="detail"></data>
    </data>
  </card>
  <card location.name="table" location.x="575" location.y="425" posZ="0" state="1" rotate="0" owner="" zindex="129">
    <data name="card">
      <data name="image">
        <data type="image" name="imageIdentifier"></data>
        <data type="image" name="front">f89a6af80179056c9c1604a946f5c89c9e77daab06504aae35a96c31e39ce126</data>
        <data type="image" name="back">2fc66781133aba032115fb042dd2fa2bcbe2e754d43ac522f0c2f8686f3cc2ad</data>
      </data>
      <data name="common">
        <data name="name">カード</data>
        <data name="size">2</data>
      </data>
      <data name="detail"></data>
    </data>
  </card>
  <card location.name="table" location.x="525" location.y="575" posZ="0" state="1" rotate="0" owner="" zindex="127">
    <data name="card">
      <data name="image">
        <data type="image" name="imageIdentifier"></data>
        <data type="image" name="front">63c9e20e5fce5ef8fd9f5dec21b7ca8ac610f2ff8609cd38721de44b22e678c4</data>
        <data type="image" name="back">bb5b73a0e1046986d2ff0b1e4db03b21b4db27a050a9ea64423cf6174d8d6e71</data>
      </data>
      <data name="common">
        <data name="name">カード</data>
        <data name="size">2</data>
      </data>
      <data name="detail"></data>
    </data>
  </card>
  <card location.name="table" location.x="475" location.y="700" posZ="0" state="1" rotate="0" owner="" zindex="125">
    <data name="card">
      <data name="image">
        <data type="image" name="imageIdentifier"></data>
        <data type="image" name="front">58324115ebe9cc74a8fe0f7fc05cac168af3d22b439c6b8e2b4aab37992d7ede</data>
        <data type="image" name="back">d8151d45dd8056f8d056981515674e13c244f110f30deb447e72ffa487bbb71a</data>
      </data>
      <data name="common">
        <data name="name">カード</data>
        <data name="size">2</data>
      </data>
      <data name="detail"></data>
    </data>
  </card>
  <card location.name="table" location.x="600" location.y="525" posZ="0" state="1" rotate="0" owner="" zindex="128">
    <data name="card">
      <data name="image">
        <data type="image" name="imageIdentifier"></data>
        <data type="image" name="front">3a2b5ae54f5e9c1d767f702476231f658b7a2455f5f864e7bf6bc4143e2b70b4</data>
        <data type="image" name="back">e9e3e9d1bb36b6a805aef6a9253e3092303affc92f9a787ae6c53ba3632f0461</data>
      </data>
      <data name="common">
        <data name="name">カード</data>
        <data name="size">2</data>
      </data>
      <data name="detail"></data>
    </data>
  </card>
  <card location.name="table" location.x="575" location.y="650" posZ="0" state="1" rotate="0" owner="" zindex="126">
    <data name="card">
      <data name="image">
        <data type="image" name="imageIdentifier"></data>
        <data type="image" name="front">00331c8c7e3f2c8d9aa148532eb68e76146550075d3843f91602d7b9c41ae9b3</data>
        <data type="image" name="back">39fa42b916191960357f4167d76d150f5e8d2862963929273efbb7c65386a132</data>
      </data>
      <data name="common">
        <data name="name">カード</data>
        <data name="size">2</data>
      </data>
      <data name="detail"></data>
    </data>
  </card>
  <card location.name="table" location.x="450" location.y="625" posZ="0" state="1" rotate="0" owner="" zindex="124">
    <data name="card">
      <data name="image">
        <data type="image" name="imageIdentifier"></data>
        <data type="image" name="front">2381068a3e28c5d3037b39e044475171b250aaf5fd7ffa100f573b5f7efd6ef4</data>
        <data type="image" name="back">4f21a398825ea0f001851b58b2c559a2a557afbeeebd4105deae4ae2d7a8d829</data>
      </data>
      <data name="common">
        <data name="name">カード</data>
        <data name="size">2</data>
      </data>
      <data name="detail"></data>
    </data>
  </card>
  <card location.name="table" location.x="275" location.y="425" posZ="0" state="1" rotate="0" owner="" zindex="133">
    <data name="card">
      <data name="image">
        <data type="image" name="imageIdentifier"></data>
        <data type="image" name="front">2eb2dc268c0ca6185091ba7b834695386b3e82cd049232478444f1320e425d88</data>
        <data type="image" name="back">5aac728314de632cebd530216ff31ab733d4d8e6408b80faa4ab801201ca2868</data>
      </data>
      <data name="common">
        <data name="name">カード</data>
        <data name="size">2</data>
      </data>
      <data name="detail"></data>
    </data>
  </card>
  <card location.name="table" location.x="275" location.y="500" posZ="0" state="1" rotate="0" owner="" zindex="132">
    <data name="card">
      <data name="image">
        <data type="image" name="imageIdentifier"></data>
        <data type="image" name="front">2cdbffc3c189bc80289280a8ffc3a81b1e23eeb7b7bbbb2d23ab874999ad369d</data>
        <data type="image" name="back">3b5f2598bd315c4e05b36cabb50f7374ae114501688bf1628bbba9beb23f618f</data>
      </data>
      <data name="common">
        <data name="name">カード</data>
        <data name="size">2</data>
      </data>
      <data name="detail"></data>
    </data>
  </card>
  <card location.name="table" location.x="350" location.y="575" posZ="0" state="1" rotate="0" owner="" zindex="122">
    <data name="card">
      <data name="image">
        <data type="image" name="imageIdentifier"></data>
        <data type="image" name="front">221be6547eb08b4a63b59c918e41f562354fffec9ec128c203819394d1326031</data>
        <data type="image" name="back">3b5f2598bd315c4e05b36cabb50f7374ae114501688bf1628bbba9beb23f618f</data>
      </data>
      <data name="common">
        <data name="name">カード</data>
        <data name="size">2</data>
      </data>
      <data name="detail"></data>
    </data>
  </card>
  <card location.name="table" location.x="350" location.y="650" posZ="0" state="1" rotate="0" owner="" zindex="123">
    <data name="card">
      <data name="image">
        <data type="image" name="imageIdentifier"></data>
        <data type="image" name="front">1b9a7edace50f571190a0c63f1c1253069616000bd72d408e5088c1b5ad0a1aa</data>
        <data type="image" name="back">01dd3001e78d63612993c16f233a9a21604d95bdb9284705a13d0db23df9adc5</data>
      </data>
      <data name="common">
        <data name="name">カード</data>
        <data name="size">2</data>
      </data>
      <data name="detail"></data>
    </data>
  </card>
</room>